intent,class
What is fantasy football?,about
What is fantasy sports?,about
how do I play fantasy football?,about
what's fantasy football?,about
How do you play fantasy football?,about
What are the rules regarding fantasy football?,about
what are the rules for the league,about
what are the league rules,about
what's the league rules,about
what are the rules,about
what are the guidelines to fantasy football?,about
Can you explain fantasy football?,about
Can you explain what fantasy football is?,about
What are the game rules for fantasy football?,about
what are the guidelines to participate in it?,about
What are the guidelines to participate in fantasy football?,about
How do you score points?,points
how does scoring work,points
What is the scoring system?,points
what's the scoring system,points
What is the points system?,points
what's scoring,points
what is scoring,points
what are the scoring rules,points
what are the different scoring rules,points
How do you get points?,points
How do you score?,points
How do you win?,points
How do you get a score?,points
what's PPR,ppr
What is PPR?,ppr
PPR?,ppr
What is points per reception?,ppr
what does ppr stand for,ppr
what's ppr stand for,ppr
what does ppr mean,ppr
what's ppr mean,ppr
Can you explain ppr ?,ppr
How does ppr work?,ppr
Can you explain points per reception?,ppr
What are the draft rules?,draft
How do you draft players?,draft
How does the draft work?,draft
what's the draft rules,draft
when is the draft,draft
what is the draft process?,draft
what is drafting in fantasy?,draft
what is drafting in fantasy football?,draft
what is drafting?,draft
where can i see the draft rules,draft
how do I know who to draft?,draft
Can you explain the draft rules?,draft
how can I draft?,draft
How many positions are there?,positions
what are the positions,positions
What is the position breakdown?,positions
how many players are on my team,positions
what are the different positions,positions
How many players do you draft?,positions
how many players can I have on my team?,positions
can you explain the position breakdown?,positions
can I get information on the different positions?,positions
How do playoffs work?,playoffs
What are the matchups for playoffs?,playoffs
when do playoffs start,playoffs
how do you qualify for the playoffs,playoffs
Who plays who during playoffs?,playoffs
how are the playoffs decided,playoffs
Playoff matchups?,playoffs
what are the rules for playoffs?,playoffs
how do I know if I'm in the playoffs?,playoffs
can you explain what playoffs are?,playoffs
what happens during playoffs?,playoffs
How to determine tiebreakers?,tiebreaker
What if you are tied at the end of the season?,tiebreaker
What if you are tied?,tiebreaker
What if you have the same record?,tiebreaker
What if you have the same standings?,tiebreaker
What if there is no winner at the end of the matchup?,tiebreaker
What if there is no winner at the end of the week?,tiebreaker
what happens when there's a tie,tiebreaker
what happens if two teams have the same record,tiebreaker
are there tiebreakers,tiebreaker
is there a tie breaker?,tiebreaker
what happens if you are tied at the end of season?,tiebreaker
what happens if you are tied?,tiebreaker
what happens if you have the same standings?,tiebreaker
